{
	"RootNode":	{
		"UID":	3644037768,
		"Parent UID":	0,
		"Translation":	{
			"x":	-107374176,
			"y":	-107374176,
			"z":	-107374176
		},
		"Rotation":	{
			"x":	0,
			"y":	0,
			"z":	0,
			"w":	1
		},
		"Scale":	{
			"x":	1,
			"y":	1,
			"z":	1
		}
	},
	"Sky001_$AssimpFbx$_Translation":	{
		"UID":	2130238503,
		"Parent UID":	3644037768,
		"Translation":	{
			"x":	-107374176,
			"y":	-107374176,
			"z":	-107374176
		},
		"Rotation":	{
			"x":	0,
			"y":	0,
			"z":	0,
			"w":	1
		},
		"Scale":	{
			"x":	1,
			"y":	1,
			"z":	1
		}
	},
	"Sky001_$AssimpFbx$_PreRotation":	{
		"UID":	4114086483,
		"Parent UID":	3644037768,
		"Translation":	{
			"x":	-107374176,
			"y":	-107374176,
			"z":	-107374176
		},
		"Rotation":	{
			"x":	-0.707107,
			"y":	0,
			"z":	0,
			"w":	0.707107
		},
		"Scale":	{
			"x":	1,
			"y":	1,
			"z":	1
		}
	},
	"Sky001_$AssimpFbx$_PostRotation":	{
		"UID":	4035997294,
		"Parent UID":	3644037768,
		"Translation":	{
			"x":	-107374176,
			"y":	-107374176,
			"z":	-107374176
		},
		"Rotation":	{
			"x":	-0.707107,
			"y":	0,
			"z":	0,
			"w":	0.707107
		},
		"Scale":	{
			"x":	1,
			"y":	1,
			"z":	1
		}
	},
	"Sky001":	{
		"UID":	522199365,
		"Parent UID":	3644037768,
		"Translation":	{
			"x":	-107374176,
			"y":	-107374176,
			"z":	-107374176
		},
		"Rotation":	{
			"x":	0,
			"y":	0,
			"z":	0,
			"w":	1
		},
		"Scale":	{
			"x":	1,
			"y":	1,
			"z":	1
		}
	},
	"Dummy001_$AssimpFbx$_PreRotation":	{
		"UID":	3438797321,
		"Parent UID":	2147483648,
		"Translation":	{
			"x":	-107374176,
			"y":	-107374176,
			"z":	-107374176
		},
		"Rotation":	{
			"x":	-0.707107,
			"y":	0,
			"z":	0,
			"w":	0.707107
		},
		"Scale":	{
			"x":	1,
			"y":	1,
			"z":	1
		}
	},
	"Dummy001_$AssimpFbx$_Rotation":	{
		"UID":	2441271708,
		"Parent UID":	2147483648,
		"Translation":	{
			"x":	-107374176,
			"y":	-107374176,
			"z":	-107374176
		},
		"Rotation":	{
			"x":	0,
			"y":	0,
			"z":	0,
			"w":	1
		},
		"Scale":	{
			"x":	1,
			"y":	1,
			"z":	1
		}
	},
	"Dummy001":	{
		"UID":	3331745356,
		"Parent UID":	2147483648,
		"Translation":	{
			"x":	-107374176,
			"y":	-107374176,
			"z":	-107374176
		},
		"Rotation":	{
			"x":	0,
			"y":	0,
			"z":	0,
			"w":	1
		},
		"Scale":	{
			"x":	1,
			"y":	1,
			"z":	1
		}
	},
	"City_building_004":	{
		"UID":	1144675003,
		"Parent UID":	2147483648,
		"Prefab":	"City_building_004_prefab.gl",
		"Translation":	{
			"x":	-107374176,
			"y":	-107374176,
			"z":	-107374176
		},
		"Rotation":	{
			"x":	0,
			"y":	0,
			"z":	0,
			"w":	1
		},
		"Scale":	{
			"x":	1,
			"y":	1,
			"z":	1
		}
	},
	"City_building_001":	{
		"UID":	300206582,
		"Parent UID":	2147483648,
		"Prefab":	"City_building_001_prefab.gl",
		"Translation":	{
			"x":	-107374176,
			"y":	-107374176,
			"z":	-107374176
		},
		"Rotation":	{
			"x":	0,
			"y":	0,
			"z":	0,
			"w":	1
		},
		"Scale":	{
			"x":	1,
			"y":	1,
			"z":	1
		}
	},
	"City_building_007":	{
		"UID":	1371583086,
		"Parent UID":	2147483648,
		"Prefab":	"City_building_007_prefab.gl",
		"Translation":	{
			"x":	-107374176,
			"y":	-107374176,
			"z":	-107374176
		},
		"Rotation":	{
			"x":	0,
			"y":	0,
			"z":	0,
			"w":	1
		},
		"Scale":	{
			"x":	1,
			"y":	1,
			"z":	1
		}
	},
	"City_building_008":	{
		"UID":	978138437,
		"Parent UID":	2147483648,
		"Prefab":	"City_building_008_prefab.gl",
		"Translation":	{
			"x":	-107374176,
			"y":	-107374176,
			"z":	-107374176
		},
		"Rotation":	{
			"x":	0,
			"y":	0,
			"z":	0.707107,
			"w":	0.707107
		},
		"Scale":	{
			"x":	1,
			"y":	1,
			"z":	1
		}
	},
	"Line002":	{
		"UID":	2269644297,
		"Parent UID":	2147483648,
		"Prefab":	"Line002_prefab.gl",
		"Translation":	{
			"x":	-107374176,
			"y":	-107374176,
			"z":	-107374176
		},
		"Rotation":	{
			"x":	0,
			"y":	0,
			"z":	-0.707107,
			"w":	0.707107
		},
		"Scale":	{
			"x":	1,
			"y":	1,
			"z":	1
		}
	},
	"Plane001":	{
		"UID":	3058781597,
		"Parent UID":	2147483648,
		"Prefab":	"Plane001_prefab.gl",
		"Translation":	{
			"x":	-107374176,
			"y":	-107374176,
			"z":	-107374176
		},
		"Rotation":	{
			"x":	0,
			"y":	0,
			"z":	0,
			"w":	1
		},
		"Scale":	{
			"x":	0.996635,
			"y":	0.970616,
			"z":	0.996635
		}
	},
	"City_building_010":	{
		"UID":	2365094464,
		"Parent UID":	2147483648,
		"Prefab":	"City_building_010_prefab.gl",
		"Translation":	{
			"x":	-107374176,
			"y":	-107374176,
			"z":	-107374176
		},
		"Rotation":	{
			"x":	0,
			"y":	0,
			"z":	0.707107,
			"w":	0.707107
		},
		"Scale":	{
			"x":	1,
			"y":	1,
			"z":	1
		}
	},
	"City_building_011":	{
		"UID":	4080451392,
		"Parent UID":	2147483648,
		"Prefab":	"City_building_011_prefab.gl",
		"Translation":	{
			"x":	-107374176,
			"y":	-107374176,
			"z":	-107374176
		},
		"Rotation":	{
			"x":	0,
			"y":	0,
			"z":	0,
			"w":	1
		},
		"Scale":	{
			"x":	1,
			"y":	1,
			"z":	1
		}
	},
	"City_building_013":	{
		"UID":	3084503103,
		"Parent UID":	2147483648,
		"Prefab":	"City_building_013_prefab.gl",
		"Translation":	{
			"x":	-107374176,
			"y":	-107374176,
			"z":	-107374176
		},
		"Rotation":	{
			"x":	0,
			"y":	0,
			"z":	0.707107,
			"w":	0.707107
		},
		"Scale":	{
			"x":	1,
			"y":	1,
			"z":	1
		}
	},
	"City_building_014":	{
		"UID":	2120701258,
		"Parent UID":	2147483648,
		"Prefab":	"City_building_014_prefab.gl",
		"Translation":	{
			"x":	-107374176,
			"y":	-107374176,
			"z":	-107374176
		},
		"Rotation":	{
			"x":	0,
			"y":	0,
			"z":	1,
			"w":	-4.371139e-08
		},
		"Scale":	{
			"x":	1,
			"y":	1,
			"z":	1
		}
	},
	"City_building_016":	{
		"UID":	1546515921,
		"Parent UID":	2147483648,
		"Prefab":	"City_building_016_prefab.gl",
		"Translation":	{
			"x":	-107374176,
			"y":	-107374176,
			"z":	-107374176
		},
		"Rotation":	{
			"x":	0,
			"y":	0,
			"z":	1,
			"w":	-4.371139e-08
		},
		"Scale":	{
			"x":	1,
			"y":	1,
			"z":	1
		}
	},
	"City_building_017":	{
		"UID":	3744759813,
		"Parent UID":	2147483648,
		"Prefab":	"City_building_017_prefab.gl",
		"Translation":	{
			"x":	-107374176,
			"y":	-107374176,
			"z":	-107374176
		},
		"Rotation":	{
			"x":	0,
			"y":	0,
			"z":	0.707107,
			"w":	0.707107
		},
		"Scale":	{
			"x":	1,
			"y":	1,
			"z":	1
		}
	},
	"City_building_022":	{
		"UID":	818139080,
		"Parent UID":	2147483648,
		"Prefab":	"City_building_022_prefab.gl",
		"Translation":	{
			"x":	-107374176,
			"y":	-107374176,
			"z":	-107374176
		},
		"Rotation":	{
			"x":	0,
			"y":	0,
			"z":	1,
			"w":	1.947072e-07
		},
		"Scale":	{
			"x":	1,
			"y":	1,
			"z":	1
		}
	},
	"City_building_023":	{
		"UID":	4099576424,
		"Parent UID":	2147483648,
		"Prefab":	"City_building_023_prefab.gl",
		"Translation":	{
			"x":	-107374176,
			"y":	-107374176,
			"z":	-107374176
		},
		"Rotation":	{
			"x":	0,
			"y":	0,
			"z":	0,
			"w":	1
		},
		"Scale":	{
			"x":	1,
			"y":	1,
			"z":	1
		}
	},
	"City_building_024":	{
		"UID":	3148494215,
		"Parent UID":	2147483648,
		"Prefab":	"City_building_024_prefab.gl",
		"Translation":	{
			"x":	-107374176,
			"y":	-107374176,
			"z":	-107374176
		},
		"Rotation":	{
			"x":	0,
			"y":	0,
			"z":	1,
			"w":	4.371139e-08
		},
		"Scale":	{
			"x":	1,
			"y":	1,
			"z":	1
		}
	},
	"City_building_026":	{
		"UID":	3364823859,
		"Parent UID":	2147483648,
		"Prefab":	"City_building_026_prefab.gl",
		"Translation":	{
			"x":	-107374176,
			"y":	-107374176,
			"z":	-107374176
		},
		"Rotation":	{
			"x":	0,
			"y":	0,
			"z":	1,
			"w":	4.371139e-08
		},
		"Scale":	{
			"x":	1,
			"y":	1,
			"z":	1
		}
	},
	"City_building_028":	{
		"UID":	2000661710,
		"Parent UID":	2147483648,
		"Prefab":	"City_building_028_prefab.gl",
		"Translation":	{
			"x":	-107374176,
			"y":	-107374176,
			"z":	-107374176
		},
		"Rotation":	{
			"x":	0,
			"y":	0,
			"z":	0,
			"w":	1
		},
		"Scale":	{
			"x":	1,
			"y":	1,
			"z":	1
		}
	},
	"Object010":	{
		"UID":	2279502630,
		"Parent UID":	2147483648,
		"Prefab":	"Object010_prefab.gl",
		"Translation":	{
			"x":	-107374176,
			"y":	-107374176,
			"z":	-107374176
		},
		"Rotation":	{
			"x":	0,
			"y":	0,
			"z":	0,
			"w":	1
		},