{
	"RootNode":	{
		"UID":	2686933349,
		"Parent UID":	0,
		"Translation":	{
			"x":	-107374176,
			"y":	-107374176,
			"z":	-107374176
		},
		"Rotation":	{
			"x":	0,
			"y":	0,
			"z":	0,
			"w":	1
		},
		"Scale":	{
			"x":	1,
			"y":	1,
			"z":	1
		}
	},
	"Sky001_$AssimpFbx$_Translation":	{
		"UID":	3981080745,
		"Parent UID":	2686933349,
		"Translation":	{
			"x":	-107374176,
			"y":	-107374176,
			"z":	-107374176
		},
		"Rotation":	{
			"x":	0,
			"y":	0,
			"z":	0,
			"w":	1
		},
		"Scale":	{
			"x":	1,
			"y":	1,
			"z":	1
		}
	},
	"Sky001_$AssimpFbx$_PreRotation":	{
		"UID":	3993002173,
		"Parent UID":	2686933349,
		"Translation":	{
			"x":	-107374176,
			"y":	-107374176,
			"z":	-107374176
		},
		"Rotation":	{
			"x":	-0.707107,
			"y":	0,
			"z":	0,
			"w":	0.707107
		},
		"Scale":	{
			"x":	1,
			"y":	1,
			"z":	1
		}
	},
	"Sky001_$AssimpFbx$_PostRotation":	{
		"UID":	751085536,
		"Parent UID":	2686933349,
		"Translation":	{
			"x":	-107374176,
			"y":	-107374176,
			"z":	-107374176
		},
		"Rotation":	{
			"x":	-0.707107,
			"y":	0,
			"z":	0,
			"w":	0.707107
		},
		"Scale":	{
			"x":	1,
			"y":	1,
			"z":	1
		}
	},
	"Sky001":	{
		"UID":	99273055,
		"Parent UID":	2686933349,
		"Translation":	{
			"x":	-107374176,
			"y":	-107374176,
			"z":	-107374176
		},
		"Rotation":	{
			"x":	0,
			"y":	0,
			"z":	0,
			"w":	1
		},
		"Scale":	{
			"x":	1,
			"y":	1,
			"z":	1
		}
	},
	"Dummy001_$AssimpFbx$_PreRotation":	{
		"UID":	886982891,
		"Parent UID":	2147483648,
		"Translation":	{
			"x":	-107374176,
			"y":	-107374176,
			"z":	-107374176
		},
		"Rotation":	{
			"x":	-0.707107,
			"y":	0,
			"z":	0,
			"w":	0.707107
		},
		"Scale":	{
			"x":	1,
			"y":	1,
			"z":	1
		}
	},
	"Dummy001_$AssimpFbx$_Rotation":	{
		"UID":	3891039719,
		"Parent UID":	2147483648,
		"Translation":	{
			"x":	-107374176,
			"y":	-107374176,
			"z":	-107374176
		},
		"Rotation":	{
			"x":	0,
			"y":	0,
			"z":	0,
			"w":	1
		},
		"Scale":	{
			"x":	1,
			"y":	1,
			"z":	1
		}
	},
	"Dummy001":	{
		"UID":	1604015890,
		"Parent UID":	2147483648,
		"Translation":	{
			"x":	-107374176,
			"y":	-107374176,
			"z":	-107374176
		},
		"Rotation":	{
			"x":	0,
			"y":	0,
			"z":	0,
			"w":	1
		},
		"Scale":	{
			"x":	1,
			"y":	1,
			"z":	1
		}
	},
	"City_building_004":	{
		"UID":	4040581690,
		"Parent UID":	2147483648,
		"Prefab":	"City_building_004_prefab.gl",
		"Translation":	{
			"x":	-107374176,
			"y":	-107374176,
			"z":	-107374176
		},
		"Rotation":	{
			"x":	0,
			"y":	0,
			"z":	0,
			"w":	1
		},
		"Scale":	{
			"x":	1,
			"y":	1,
			"z":	1
		}
	},
	"City_building_001":	{
		"UID":	1864853377,
		"Parent UID":	1604015890,
		"Prefab":	"City_building_001_prefab.gl",
		"Translation":	{
			"x":	-107374176,
			"y":	-107374176,
			"z":	-107374176
		},
		"Rotation":	{
			"x":	0,
			"y":	0,
			"z":	0,
			"w":	1
		},
		"Scale":	{
			"x":	1,
			"y":	1,
			"z":	1
		}
	},
	"City_building_007":	{
		"UID":	390569332,
		"Parent UID":	1604015890,
		"Prefab":	"City_building_007_prefab.gl",
		"Translation":	{
			"x":	-107374176,
			"y":	-107374176,
			"z":	-107374176
		},
		"Rotation":	{
			"x":	0,
			"y":	0,
			"z":	0,
			"w":	1
		},
		"Scale":	{
			"x":	1,
			"y":	1,
			"z":	1
		}
	},
	"City_building_008":	{
		"UID":	389512195,
		"Parent UID":	1604015890,
		"Prefab":	"City_building_008_prefab.gl",
		"Translation":	{
			"x":	-107374176,
			"y":	-107374176,
			"z":	-107374176
		},
		"Rotation":	{
			"x":	0,
			"y":	0,
			"z":	0.707107,
			"w":	0.707107
		},
		"Scale":	{
			"x":	1,
			"y":	1,
			"z":	1
		}
	},
	"Line002":	{
		"UID":	4099988447,
		"Parent UID":	1604015890,
		"Prefab":	"Line002_prefab.gl",
		"Translation":	{
			"x":	-107374176,
			"y":	-107374176,
			"z":	-107374176
		},
		"Rotation":	{
			"x":	0,
			"y":	0,
			"z":	-0.707107,
			"w":	0.707107
		},
		"Scale":	{
			"x":	1,
			"y":	1,
			"z":	1
		}
	},
	"Plane001":	{
		"UID":	1769176426,
		"Parent UID":	1604015890,
		"Prefab":	"Plane001_prefab.gl",
		"Translation":	{
			"x":	-107374176,
			"y":	-107374176,
			"z":	-107374176
		},
		"Rotation":	{
			"x":	0,
			"y":	0,
			"z":	0,
			"w":	1
		},
		"Scale":	{
			"x":	0.996635,
			"y":	0.970616,
			"z":	0.996635
		}
	},
	"City_building_010":	{
		"UID":	759839857,
		"Parent UID":	1604015890,
		"Prefab":	"City_building_010_prefab.gl",
		"Translation":	{
			"x":	-107374176,
			"y":	-107374176,
			"z":	-107374176
		},
		"Rotation":	{
			"x":	0,
			"y":	0,
			"z":	0.707107,
			"w":	0.707107
		},
		"Scale":	{
			"x":	1,
			"y":	1,
			"z":	1
		}
	},
	"City_building_011":	{
		"UID":	3993466661,
		"Parent UID":	1604015890,
		"Prefab":	"City_building_011_prefab.gl",
		"Translation":	{
			"x":	-107374176,
			"y":	-107374176,
			"z":	-107374176
		},
		"Rotation":	{
			"x":	0,
			"y":	0,
			"z":	0,
			"w":	1
		},
		"Scale":	{
			"x":	1,
			"y":	1,
			"z":	1
		}
	},
	"City_building_013":	{
		"UID":	3024433512,
		"Parent UID":	1604015890,
		"Prefab":	"City_building_013_prefab.gl",
		"Translation":	{
			"x":	-107374176,
			"y":	-107374176,
			"z":	-107374176
		},
		"Rotation":	{
			"x":	0,
			"y":	0,
			"z":	0.707107,
			"w":	0.707107
		},
		"Scale":	{
			"x":	1,
			"y":	1,
			"z":	1
		}
	},
	"City_building_014":	{
		"UID":	3313852552,
		"Parent UID":	1604015890,
		"Prefab":	"City_building_014_prefab.gl",
		"Translation":	{
			"x":	-107374176,
			"y":	-107374176,
			"z":	-107374176
		},
		"Rotation":	{
			"x":	0,
			"y":	0,
			"z":	1,
			"w":	-4.371139e-08
		},
		"Scale":	{
			"x":	1,
			"y":	1,
			"z":	1
		}
	},
	"City_building_016":	{
		"UID":	970283559,
		"Parent UID":	1604015890,
		"Prefab":	"City_building_016_prefab.gl",
		"Translation":	{
			"x":	-107374176,
			"y":	-107374176,
			"z":	-107374176
		},
		"Rotation":	{
			"x":	0,
			"y":	0,
			"z":	1,
			"w":	-4.371139e-08
		},
		"Scale":	{
			"x":	1,
			"y":	1,
			"z":	1
		}
	},
	"City_building_017":	{
		"UID":	866029650,
		"Parent UID":	1604015890,
		"Prefab":	"City_building_017_prefab.gl",
		"Translation":	{
			"x":	-107374176,
			"y":	-107374176,
			"z":	-107374176
		},
		"Rotation":	{
			"x":	0,
			"y":	0,
			"z":	0.707107,
			"w":	0.707107
		},
		"Scale":	{
			"x":	1,
			"y":	1,
			"z":	1
		}
	},
	"City_building_022":	{
		"UID":	1099361402,
		"Parent UID":	1604015890,
		"Prefab":	"City_building_022_prefab.gl",
		"Translation":	{
			"x":	-107374176,
			"y":	-107374176,
			"z":	-107374176
		},
		"Rotation":	{
			"x":	0,
			"y":	0,
			"z":	1,
			"w":	1.947072e-07
		},
		"Scale":	{
			"x":	1,
			"y":	1,
			"z":	1
		}
	},
	"City_building_023":	{
		"UID":	2322953922,
		"Parent UID":	1604015890,
		"Prefab":	"City_building_023_prefab.gl",
		"Translation":	{
			"x":	-107374176,
			"y":	-107374176,
			"z":	-107374176
		},
		"Rotation":	{
			"x":	0,
			"y":	0,
			"z":	0,
			"w":	1
		},
		"Scale":	{
			"x":	1,
			"y":	1,
			"z":	1
		}
	},
	"City_building_024":	{
		"UID":	3676439978,
		"Parent UID":	1604015890,
		"Prefab":	"City_building_024_prefab.gl",
		"Translation":	{
			"x":	-107374176,
			"y":	-107374176,
			"z":	-107374176
		},
		"Rotation":	{
			"x":	0,
			"y":	0,
			"z":	1,
			"w":	4.371139e-08
		},
		"Scale":	{
			"x":	1,
			"y":	1,
			"z":	1
		}
	},
	"City_building_026":	{
		"UID":	3146670513,
		"Parent UID":	1604015890,
		"Prefab":	"City_building_026_prefab.gl",
		"Translation":	{
			"x":	-107374176,
			"y":	-107374176,
			"z":	-107374176
		},
		"Rotation":	{
			"x":	0,
			"y":	0,
			"z":	1,
			"w":	4.371139e-08
		},
		"Scale":	{
			"x":	1,
			"y":	1,
			"z":	1
		}
	},
	"City_building_028":	{
		"UID":	950918500,
		"Parent UID":	1604015890,
		"Prefab":	"City_building_028_prefab.gl",
		"Translation":	{
			"x":	-107374176,
			"y":	-107374176,
			"z":	-107374176
		},
		"Rotation":	{
			"x":	0,
			"y":	0,
			"z":	0,
			"w":	1
		},
		"Scale":	{
			"x":	1,
			"y":	1,
			"z":	1
		}
	},
	"Object010":	{
		"UID":	1270987956,
		"Parent UID":	1604015890,
		"Prefab":	"Object010_prefab.gl",
		"Translation":	{
			"x":	-107374176,
			"y":	-107374176,
			"z":	-107374176
		},
		"Rotation":	{
			"x":	0,
			"y":	0,
			"z":	0,
			"w":	1
		},