{
	"RootNode":	{
		"UID":	632411715,
		"Parent UID":	0,
		"Translation":	{
			"x":	-107374176,
			"y":	-107374176,
			"z":	-107374176
		},
		"Rotation":	{
			"x":	0,
			"y":	0,
			"z":	0,
			"w":	1
		},
		"Scale":	{
			"x":	1,
			"y":	1,
			"z":	1
		}
	},
	"Sky001_$AssimpFbx$_Translation":	{
		"UID":	1426258719,
		"Parent UID":	632411715,
		"Translation":	{
			"x":	-107374176,
			"y":	-107374176,
			"z":	-107374176
		},
		"Rotation":	{
			"x":	0,
			"y":	0,
			"z":	0,
			"w":	1
		},
		"Scale":	{
			"x":	1,
			"y":	1,
			"z":	1
		}
	},
	"Sky001_$AssimpFbx$_PreRotation":	{
		"UID":	2209359275,
		"Parent UID":	632411715,
		"Translation":	{
			"x":	-107374176,
			"y":	-107374176,
			"z":	-107374176
		},
		"Rotation":	{
			"x":	-0.707107,
			"y":	0,
			"z":	0,
			"w":	0.707107
		},
		"Scale":	{
			"x":	1,
			"y":	1,
			"z":	1
		}
	},
	"Sky001_$AssimpFbx$_PostRotation":	{
		"UID":	2138313126,
		"Parent UID":	632411715,
		"Translation":	{
			"x":	-107374176,
			"y":	-107374176,
			"z":	-107374176
		},
		"Rotation":	{
			"x":	-0.707107,
			"y":	0,
			"z":	0,
			"w":	0.707107
		},
		"Scale":	{
			"x":	1,
			"y":	1,
			"z":	1
		}
	},
	"Sky001":	{
		"UID":	3636698590,
		"Parent UID":	632411715,
		"Translation":	{
			"x":	-107374176,
			"y":	-107374176,
			"z":	-107374176
		},
		"Rotation":	{
			"x":	0,
			"y":	0,
			"z":	0,
			"w":	1
		},
		"Scale":	{
			"x":	1,
			"y":	1,
			"z":	1
		}
	},
	"Dummy001_$AssimpFbx$_PreRotation":	{
		"UID":	2270435189,
		"Parent UID":	632411715,
		"Translation":	{
			"x":	-107374176,
			"y":	-107374176,
			"z":	-107374176
		},
		"Rotation":	{
			"x":	-0.707107,
			"y":	0,
			"z":	0,
			"w":	0.707107
		},
		"Scale":	{
			"x":	1,
			"y":	1,
			"z":	1
		}
	},
	"Dummy001_$AssimpFbx$_Rotation":	{
		"UID":	2286898681,
		"Parent UID":	632411715,
		"Translation":	{
			"x":	-107374176,
			"y":	-107374176,
			"z":	-107374176
		},
		"Rotation":	{
			"x":	0,
			"y":	0,
			"z":	0,
			"w":	1
		},
		"Scale":	{
			"x":	1,
			"y":	1,
			"z":	1
		}
	},
	"Dummy001":	{
		"UID":	1735407180,
		"Parent UID":	632411715,
		"Translation":	{
			"x":	-107374176,
			"y":	-107374176,
			"z":	-107374176
		},
		"Rotation":	{
			"x":	0,
			"y":	0,
			"z":	0,
			"w":	1
		},
		"Scale":	{
			"x":	1,
			"y":	1,
			"z":	1
		}
	},
	"City_building_004":	{
		"UID":	3353242300,
		"Parent UID":	632411715,
		"Prefab":	"City_building_004_prefab.gl",
		"Translation":	{
			"x":	-107374176,
			"y":	-107374176,
			"z":	-107374176
		},
		"Rotation":	{
			"x":	0,
			"y":	0,
			"z":	0,
			"w":	1
		},
		"Scale":	{
			"x":	1,
			"y":	1,
			"z":	1
		}
	},
	"City_building_001":	{
		"UID":	3134794219,
		"Parent UID":	1735407180,
		"Prefab":	"City_building_001_prefab.gl",
		"Translation":	{
			"x":	-107374176,
			"y":	-107374176,
			"z":	-107374176
		},
		"Rotation":	{
			"x":	0,
			"y":	0,
			"z":	0,
			"w":	1
		},
		"Scale":	{
			"x":	1,
			"y":	1,
			"z":	1
		}
	},
	"City_building_007":	{
		"UID":	3040142054,
		"Parent UID":	1735407180,
		"Prefab":	"City_building_007_prefab.gl",
		"Translation":	{
			"x":	-107374176,
			"y":	-107374176,
			"z":	-107374176
		},
		"Rotation":	{
			"x":	0,
			"y":	0,
			"z":	0,
			"w":	1
		},
		"Scale":	{
			"x":	1,
			"y":	1,
			"z":	1
		}
	},
	"City_building_008":	{
		"UID":	1741594653,
		"Parent UID":	1735407180,
		"Prefab":	"City_building_008_prefab.gl",
		"Translation":	{
			"x":	-107374176,
			"y":	-107374176,
			"z":	-107374176
		},
		"Rotation":	{
			"x":	0,
			"y":	0,
			"z":	0.707107,
			"w":	0.707107
		},
		"Scale":	{
			"x":	1,
			"y":	1,
			"z":	1
		}
	},
	"Line002":	{
		"UID":	339603136,
		"Parent UID":	1735407180,
		"Prefab":	"Line002_prefab.gl",
		"Translation":	{
			"x":	-107374176,
			"y":	-107374176,
			"z":	-107374176
		},
		"Rotation":	{
			"x":	0,
			"y":	0,
			"z":	-0.707107,
			"w":	0.707107
		},
		"Scale":	{
			"x":	1,
			"y":	1,
			"z":	1
		}
	},
	"Plane001":	{
		"UID":	4009934272,
		"Parent UID":	1735407180,
		"Prefab":	"Plane001_prefab.gl",
		"Translation":	{
			"x":	-107374176,
			"y":	-107374176,
			"z":	-107374176
		},
		"Rotation":	{
			"x":	0,
			"y":	0,
			"z":	0,
			"w":	1
		},
		"Scale":	{
			"x":	0.996635,
			"y":	0.970616,
			"z":	0.996635
		}
	},
	"City_building_010":	{
		"UID":	2759710911,
		"Parent UID":	1735407180,
		"Prefab":	"City_building_010_prefab.gl",
		"Translation":	{
			"x":	-107374176,
			"y":	-107374176,
			"z":	-107374176
		},
		"Rotation":	{
			"x":	0,
			"y":	0,
			"z":	0.707107,
			"w":	0.707107
		},
		"Scale":	{
			"x":	1,
			"y":	1,
			"z":	1
		}
	},
	"City_building_011":	{
		"UID":	2766315467,
		"Parent UID":	1735407180,
		"Prefab":	"City_building_011_prefab.gl",
		"Translation":	{
			"x":	-107374176,
			"y":	-107374176,
			"z":	-107374176
		},
		"Rotation":	{
			"x":	0,
			"y":	0,
			"z":	0,
			"w":	1
		},
		"Scale":	{
			"x":	1,
			"y":	1,
			"z":	1
		}
	},
	"City_building_013":	{
		"UID":	3020608071,
		"Parent UID":	1735407180,
		"Prefab":	"City_building_013_prefab.gl",
		"Translation":	{
			"x":	-107374176,
			"y":	-107374176,
			"z":	-107374176
		},
		"Rotation":	{
			"x":	0,
			"y":	0,
			"z":	0.707107,
			"w":	0.707107
		},
		"Scale":	{
			"x":	1,
			"y":	1,
			"z":	1
		}
	},
	"City_building_014":	{
		"UID":	3270797043,
		"Parent UID":	1735407180,
		"Prefab":	"City_building_014_prefab.gl",
		"Translation":	{
			"x":	-107374176,
			"y":	-107374176,
			"z":	-107374176
		},
		"Rotation":	{
			"x":	0,
			"y":	0,
			"z":	1,
			"w":	-4.371139e-08
		},
		"Scale":	{
			"x":	1,
			"y":	1,
			"z":	1
		}
	},
	"City_building_016":	{
		"UID":	1289864078,
		"Parent UID":	1735407180,
		"Prefab":	"City_building_016_prefab.gl",
		"Translation":	{
			"x":	-107374176,
			"y":	-107374176,
			"z":	-107374176
		},
		"Rotation":	{
			"x":	0,
			"y":	0,
			"z":	1,
			"w":	-4.371139e-08
		},
		"Scale":	{
			"x":	1,
			"y":	1,
			"z":	1
		}
	},
	"City_building_017":	{
		"UID":	2450749670,
		"Parent UID":	1735407180,
		"Prefab":	"City_building_017_prefab.gl",
		"Translation":	{
			"x":	-107374176,
			"y":	-107374176,
			"z":	-107374176
		},
		"Rotation":	{
			"x":	0,
			"y":	0,
			"z":	0.707107,
			"w":	0.707107
		},
		"Scale":	{
			"x":	1,
			"y":	1,
			"z":	1
		}
	},
	"City_building_022":	{
		"UID":	1771974173,
		"Parent UID":	1735407180,
		"Prefab":	"City_building_022_prefab.gl",
		"Translation":	{
			"x":	-107374176,
			"y":	-107374176,
			"z":	-107374176
		},
		"Rotation":	{
			"x":	0,
			"y":	0,
			"z":	1,
			"w":	1.947072e-07
		},
		"Scale":	{
			"x":	1,
			"y":	1,
			"z":	1
		}
	},
	"City_building_023":	{
		"UID":	2268255425,
		"Parent UID":	1735407180,
		"Prefab":	"City_building_023_prefab.gl",
		"Translation":	{
			"x":	-107374176,
			"y":	-107374176,
			"z":	-107374176
		},
		"Rotation":	{
			"x":	0,
			"y":	0,
			"z":	0,
			"w":	1
		},
		"Scale":	{
			"x":	1,
			"y":	1,
			"z":	1
		}
	},
	"City_building_024":	{
		"UID":	853404596,
		"Parent UID":	1735407180,
		"Prefab":	"City_building_024_prefab.gl",
		"Translation":	{
			"x":	-107374176,
			"y":	-107374176,
			"z":	-107374176
		},
		"Rotation":	{
			"x":	0,
			"y":	0,
			"z":	1,
			"w":	4.371139e-08
		},
		"Scale":	{
			"x":	1,
			"y":	1,
			"z":	1
		}
	},
	"City_building_026":	{
		"UID":	2598772548,
		"Parent UID":	1735407180,
		"Prefab":	"City_building_026_prefab.gl",
		"Translation":	{
			"x":	-107374176,
			"y":	-107374176,
			"z":	-107374176
		},
		"Rotation":	{
			"x":	0,
			"y":	0,
			"z":	1,
			"w":	4.371139e-08
		},
		"Scale":	{
			"x":	1,
			"y":	1,
			"z":	1
		}
	},
	"City_building_028":	{
		"UID":	3646220308,
		"Parent UID":	1735407180,
		"Prefab":	"City_building_028_prefab.gl",
		"Translation":	{
			"x":	-107374176,
			"y":	-107374176,
			"z":	-107374176
		},
		"Rotation":	{
			"x":	0,
			"y":	0,
			"z":	0,
			"w":	1
		},
		"Scale":	{
			"x":	1,
			"y":	1,
			"z":	1
		}
	},
	"Object010":	{
		"UID":	3757000484,
		"Parent UID":	1735407180,
		"Prefab":	"Object010_prefab.gl",
		"Translation":	{
			"x":	-107374176,
			"y":	-107374176,
			"z":	-107374176
		},
		"Rotation":	{
			"x":	0,
			"y":	0,
			"z":	0,
			"w":	1
		},