{
	"RootNode":	{
		"UID":	1794582215,
		"Parent UID":	0,
		"Translation":	{
			"x":	-107374176,
			"y":	-107374176,
			"z":	-107374176
		},
		"Rotation":	{
			"x":	0,
			"y":	0,
			"z":	0,
			"w":	1
		},
		"Scale":	{
			"x":	1,
			"y":	1,
			"z":	1
		}
	},
	"Sky001_$AssimpFbx$_Translation":	{
		"UID":	9749874,
		"Parent UID":	1794582215,
		"Translation":	{
			"x":	-107374176,
			"y":	-107374176,
			"z":	-107374176
		},
		"Rotation":	{
			"x":	0,
			"y":	0,
			"z":	0,
			"w":	1
		},
		"Scale":	{
			"x":	1,
			"y":	1,
			"z":	1
		}
	},
	"Sky001_$AssimpFbx$_PreRotation":	{
		"UID":	191144986,
		"Parent UID":	1794582215,
		"Translation":	{
			"x":	-107374176,
			"y":	-107374176,
			"z":	-107374176
		},
		"Rotation":	{
			"x":	-0.707107,
			"y":	0,
			"z":	0,
			"w":	0.707107
		},
		"Scale":	{
			"x":	1,
			"y":	1,
			"z":	1
		}
	},
	"Sky001_$AssimpFbx$_PostRotation":	{
		"UID":	1896387298,
		"Parent UID":	1794582215,
		"Translation":	{
			"x":	-107374176,
			"y":	-107374176,
			"z":	-107374176
		},
		"Rotation":	{
			"x":	-0.707107,
			"y":	0,
			"z":	0,
			"w":	0.707107
		},
		"Scale":	{
			"x":	1,
			"y":	1,
			"z":	1
		}
	},
	"Sky001":	{
		"UID":	1085395017,
		"Parent UID":	1794582215,
		"Translation":	{
			"x":	-107374176,
			"y":	-107374176,
			"z":	-107374176
		},
		"Rotation":	{
			"x":	0,
			"y":	0,
			"z":	0,
			"w":	1
		},
		"Scale":	{
			"x":	1,
			"y":	1,
			"z":	1
		}
	},
	"Dummy001_$AssimpFbx$_PreRotation":	{
		"UID":	631872732,
		"Parent UID":	1794582215,
		"Translation":	{
			"x":	-107374176,
			"y":	-107374176,
			"z":	-107374176
		},
		"Rotation":	{
			"x":	-0.707107,
			"y":	0,
			"z":	0,
			"w":	0.707107
		},
		"Scale":	{
			"x":	1,
			"y":	1,
			"z":	1
		}
	},
	"Dummy001_$AssimpFbx$_Rotation":	{
		"UID":	2556428940,
		"Parent UID":	1794582215,
		"Translation":	{
			"x":	-107374176,
			"y":	-107374176,
			"z":	-107374176
		},
		"Rotation":	{
			"x":	0,
			"y":	0,
			"z":	0,
			"w":	1
		},
		"Scale":	{
			"x":	1,
			"y":	1,
			"z":	1
		}
	},
	"Dummy001":	{
		"UID":	1989452795,
		"Parent UID":	1794582215,
		"Translation":	{
			"x":	-107374176,
			"y":	-107374176,
			"z":	-107374176
		},
		"Rotation":	{
			"x":	0,
			"y":	0,
			"z":	0,
			"w":	1
		},
		"Scale":	{
			"x":	1,
			"y":	1,
			"z":	1
		}
	},
	"City_building_004":	{
		"UID":	3587679287,
		"Parent UID":	1794582215,
		"Prefab":	"City_building_004_prefab.gl",
		"Translation":	{
			"x":	-107374176,
			"y":	-107374176,
			"z":	-107374176
		},
		"Rotation":	{
			"x":	0,
			"y":	0,
			"z":	0,
			"w":	1
		},
		"Scale":	{
			"x":	1,
			"y":	1,
			"z":	1
		}
	},
	"City_building_001":	{
		"UID":	3996541347,
		"Parent UID":	1989452795,
		"Prefab":	"City_building_001_prefab.gl",
		"Translation":	{
			"x":	-107374176,
			"y":	-107374176,
			"z":	-107374176
		},
		"Rotation":	{
			"x":	0,
			"y":	0,
			"z":	0,
			"w":	1
		},
		"Scale":	{
			"x":	1,
			"y":	1,
			"z":	1
		}
	},
	"City_building_007":	{
		"UID":	2338782718,
		"Parent UID":	1989452795,
		"Prefab":	"City_building_007_prefab.gl",
		"Translation":	{
			"x":	-107374176,
			"y":	-107374176,
			"z":	-107374176
		},
		"Rotation":	{
			"x":	0,
			"y":	0,
			"z":	0,
			"w":	1
		},
		"Scale":	{
			"x":	1,
			"y":	1,
			"z":	1
		}
	},
	"City_building_008":	{
		"UID":	1886451221,
		"Parent UID":	1989452795,
		"Prefab":	"City_building_008_prefab.gl",
		"Translation":	{
			"x":	-107374176,
			"y":	-107374176,
			"z":	-107374176
		},
		"Rotation":	{
			"x":	0,
			"y":	0,
			"z":	0.707107,
			"w":	0.707107
		},
		"Scale":	{
			"x":	1,
			"y":	1,
			"z":	1
		}
	},
	"Line002":	{
		"UID":	815512856,
		"Parent UID":	1989452795,
		"Prefab":	"Line002_prefab.gl",
		"Translation":	{
			"x":	-107374176,
			"y":	-107374176,
			"z":	-107374176
		},
		"Rotation":	{
			"x":	0,
			"y":	0,
			"z":	-0.707107,
			"w":	0.707107
		},
		"Scale":	{
			"x":	1,
			"y":	1,
			"z":	1
		}
	},
	"Plane001":	{
		"UID":	1647861752,
		"Parent UID":	1989452795,
		"Prefab":	"Plane001_prefab.gl",
		"Translation":	{
			"x":	-107374176,
			"y":	-107374176,
			"z":	-107374176
		},
		"Rotation":	{
			"x":	0,
			"y":	0,
			"z":	0,
			"w":	1
		},
		"Scale":	{
			"x":	0.996635,
			"y":	0.970616,
			"z":	0.996635
		}
	},
	"City_building_010":	{
		"UID":	2911592536,
		"Parent UID":	1989452795,
		"Prefab":	"City_building_010_prefab.gl",
		"Translation":	{
			"x":	-107374176,
			"y":	-107374176,
			"z":	-107374176
		},
		"Rotation":	{
			"x":	0,
			"y":	0,
			"z":	0.707107,
			"w":	0.707107
		},
		"Scale":	{
			"x":	1,
			"y":	1,
			"z":	1
		}
	},
	"City_building_011":	{
		"UID":	2707446839,
		"Parent UID":	1989452795,
		"Prefab":	"City_building_011_prefab.gl",
		"Translation":	{
			"x":	-107374176,
			"y":	-107374176,
			"z":	-107374176
		},
		"Rotation":	{
			"x":	0,
			"y":	0,
			"z":	0,
			"w":	1
		},
		"Scale":	{
			"x":	1,
			"y":	1,
			"z":	1
		}
	},
	"City_building_013":	{
		"UID":	1926658466,
		"Parent UID":	1989452795,
		"Prefab":	"City_building_013_prefab.gl",
		"Translation":	{
			"x":	-107374176,
			"y":	-107374176,
			"z":	-107374176
		},
		"Rotation":	{
			"x":	0,
			"y":	0,
			"z":	0.707107,
			"w":	0.707107
		},
		"Scale":	{
			"x":	1,
			"y":	1,
			"z":	1
		}
	},
	"City_building_014":	{
		"UID":	4060407306,
		"Parent UID":	1989452795,
		"Prefab":	"City_building_014_prefab.gl",
		"Translation":	{
			"x":	-107374176,
			"y":	-107374176,
			"z":	-107374176
		},
		"Rotation":	{
			"x":	0,
			"y":	0,
			"z":	1,
			"w":	-4.371139e-08
		},
		"Scale":	{
			"x":	1,
			"y":	1,
			"z":	1
		}
	},
	"City_building_016":	{
		"UID":	3459562897,
		"Parent UID":	1989452795,
		"Prefab":	"City_building_016_prefab.gl",
		"Translation":	{
			"x":	-107374176,
			"y":	-107374176,
			"z":	-107374176
		},
		"Rotation":	{
			"x":	0,
			"y":	0,
			"z":	1,
			"w":	-4.371139e-08
		},
		"Scale":	{
			"x":	1,
			"y":	1,
			"z":	1
		}
	},
	"City_building_017":	{
		"UID":	757459652,
		"Parent UID":	1989452795,
		"Prefab":	"City_building_017_prefab.gl",
		"Translation":	{
			"x":	-107374176,
			"y":	-107374176,
			"z":	-107374176
		},
		"Rotation":	{
			"x":	0,
			"y":	0,
			"z":	0.707107,
			"w":	0.707107
		},
		"Scale":	{
			"x":	1,
			"y":	1,
			"z":	1
		}
	},
	"City_building_022":	{
		"UID":	1489971604,
		"Parent UID":	1989452795,
		"Prefab":	"City_building_022_prefab.gl",
		"Translation":	{
			"x":	-107374176,
			"y":	-107374176,
			"z":	-107374176
		},
		"Rotation":	{
			"x":	0,
			"y":	0,
			"z":	1,
			"w":	1.947072e-07
		},
		"Scale":	{
			"x":	1,
			"y":	1,
			"z":	1
		}
	},
	"City_building_023":	{
		"UID":	1262909091,
		"Parent UID":	1989452795,
		"Prefab":	"City_building_023_prefab.gl",
		"Translation":	{
			"x":	-107374176,
			"y":	-107374176,
			"z":	-107374176
		},
		"Rotation":	{
			"x":	0,
			"y":	0,
			"z":	0,
			"w":	1
		},
		"Scale":	{
			"x":	1,
			"y":	1,
			"z":	1
		}
	},
	"City_building_024":	{
		"UID":	2718308095,
		"Parent UID":	1989452795,
		"Prefab":	"City_building_024_prefab.gl",
		"Translation":	{
			"x":	-107374176,
			"y":	-107374176,
			"z":	-107374176
		},
		"Rotation":	{
			"x":	0,
			"y":	0,
			"z":	1,
			"w":	4.371139e-08
		},
		"Scale":	{
			"x":	1,
			"y":	1,
			"z":	1
		}
	},
	"City_building_026":	{
		"UID":	2183918346,
		"Parent UID":	1989452795,
		"Prefab":	"City_building_026_prefab.gl",
		"Translation":	{
			"x":	-107374176,
			"y":	-107374176,
			"z":	-107374176
		},
		"Rotation":	{
			"x":	0,
			"y":	0,
			"z":	1,
			"w":	4.371139e-08
		},
		"Scale":	{
			"x":	1,
			"y":	1,
			"z":	1
		}
	},
	"City_building_028":	{
		"UID":	441921169,
		"Parent UID":	1989452795,
		"Prefab":	"City_building_028_prefab.gl",
		"Translation":	{
			"x":	-107374176,
			"y":	-107374176,
			"z":	-107374176
		},
		"Rotation":	{
			"x":	0,
			"y":	0,
			"z":	0,
			"w":	1
		},
		"Scale":	{
			"x":	1,
			"y":	1,
			"z":	1
		}
	},
	"Object010":	{
		"UID":	2142965701,
		"Parent UID":	1989452795,
		"Prefab":	"Object010_prefab.gl",
		"Translation":	{
			"x":	-107374176,
			"y":	-107374176,
			"z":	-107374176
		},
		"Rotation":	{
			"x":	0,
			"y":	0,
			"z":	0,
			"w":	1
		},