{
	"RootNode":	{
		"UID":	4025578156,
		"Parent UID":	0,
		"Translation":	{
			"x":	-107374176,
			"y":	-107374176,
			"z":	-107374176
		},
		"Rotation":	{
			"x":	0,
			"y":	0,
			"z":	0,
			"w":	1
		},
		"Scale":	{
			"x":	1,
			"y":	1,
			"z":	1
		}
	},
	"RPG-Character-Mesh_$AssimpFbx$_Translation":	{
		"UID":	980865691,
		"Parent UID":	4025578156,
		"Translation":	{
			"x":	-107374176,
			"y":	-107374176,
			"z":	-107374176
		},
		"Rotation":	{
			"x":	0,
			"y":	0,
			"z":	0,
			"w":	1
		},
		"Scale":	{
			"x":	1,
			"y":	1,
			"z":	1
		}
	},
	"RPG-Character-Mesh_$AssimpFbx$_PreRotation":	{
		"UID":	3165234007,
		"Parent UID":	4025578156,
		"Translation":	{
			"x":	-107374176,
			"y":	-107374176,
			"z":	-107374176
		},
		"Rotation":	{
			"x":	-0.707107,
			"y":	0,
			"z":	0,
			"w":	0.707107
		},
		"Scale":	{
			"x":	1,
			"y":	1,
			"z":	1
		}
	},
	"RPG-Character-Mesh":	{
		"UID":	574778178,
		"Parent UID":	4025578156,
		"Prefab":	"RPG-Character-Mesh_prefab.gl",
		"Translation":	{
			"x":	-107374176,
			"y":	-107374176,
			"z":	-107374176
		},
		"Rotation":	{
			"x":	0,
			"y":	0,
			"z":	0,
			"w":	1
		},
		"Scale":	{
			"x":	1,
			"y":	1,
			"z":	1
		}
	},
	"Motion_$AssimpFbx$_Translation":	{
		"UID":	421233705,
		"Parent UID":	2147483648,
		"Translation":	{
			"x":	-107374176,
			"y":	-107374176,
			"z":	-107374176
		},
		"Rotation":	{
			"x":	0,
			"y":	0,
			"z":	0,
			"w":	1
		},
		"Scale":	{
			"x":	1,
			"y":	1,
			"z":	1
		}
	},
	"Motion_$AssimpFbx$_PreRotation":	{
		"UID":	675078717,
		"Parent UID":	2147483648,
		"Translation":	{
			"x":	-107374176,
			"y":	-107374176,
			"z":	-107374176
		},
		"Rotation":	{
			"x":	-0.707107,
			"y":	0,
			"z":	0,
			"w":	0.707107
		},
		"Scale":	{
			"x":	1,
			"y":	1,
			"z":	1
		}
	},
	"Motion_$AssimpFbx$_Rotation":	{
		"UID":	4123203425,
		"Parent UID":	2147483648,
		"Translation":	{
			"x":	-107374176,
			"y":	-107374176,
			"z":	-107374176
		},
		"Rotation":	{
			"x":	0,
			"y":	0,
			"z":	-0.707106,
			"w":	0.707107
		},
		"Scale":	{
			"x":	1,
			"y":	1,
			"z":	1
		}
	},
	"Motion_$AssimpFbx$_Scaling":	{
		"UID":	3111456468,
		"Parent UID":	2147483648,
		"Translation":	{
			"x":	-107374176,
			"y":	-107374176,
			"z":	-107374176
		},
		"Rotation":	{
			"x":	0,
			"y":	0,
			"z":	0,
			"w":	1
		},
		"Scale":	{
			"x":	1,
			"y":	1,
			"z":	1
		}
	},
	"Motion":	{
		"UID":	1740217571,
		"Parent UID":	2147483648,
		"Translation":	{
			"x":	-107374176,
			"y":	-107374176,
			"z":	-107374176
		},
		"Rotation":	{
			"x":	0,
			"y":	0,
			"z":	0,
			"w":	1
		},
		"Scale":	{
			"x":	1,
			"y":	1,
			"z":	1
		}
	},
	"B_Pelvis":	{
		"UID":	3250025023,
		"Parent UID":	2147483648,
		"Translation":	{
			"x":	-107374176,
			"y":	-107374176,
			"z":	-107374176
		},
		"Rotation":	{
			"x":	-0.500000,
			"y":	-0.500000,
			"z":	-0.500000,
			"w":	0.500000
		},
		"Scale":	{
			"x":	1,
			"y":	1,
			"z":	1
		}
	},
	"B_Spine":	{
		"UID":	2525038410,
		"Parent UID":	2147483648,
		"Translation":	{
			"x":	-107374176,
			"y":	-107374176,
			"z":	-107374176
		},
		"Rotation":	{
			"x":	-0.000002,
			"y":	2.309682e-08,
			"z":	-0.005728,
			"w":	0.999984
		},
		"Scale":	{
			"x":	1,
			"y":	1,
			"z":	1
		}
	},
	"B_Spine1":	{
		"UID":	2687717330,
		"Parent UID":	2147483648,
		"Translation":	{
			"x":	-107374176,
			"y":	-107374176,
			"z":	-107374176
		},
		"Rotation":	{
			"x":	-2.061474e-13,
			"y":	1.309150e-07,
			"z":	-0.071934,
			"w":	0.997409
		},
		"Scale":	{
			"x":	1.000000,
			"y":	1.000000,
			"z":	1
		}
	},
	"B_Spine2":	{
		"UID":	2728047098,
		"Parent UID":	2147483648,
		"Translation":	{
			"x":	-107374176,
			"y":	-107374176,
			"z":	-107374176
		},
		"Rotation":	{
			"x":	-7.148835e-07,
			"y":	-8.177074e-08,
			"z":	0.032254,
			"w":	0.999480
		},
		"Scale":	{
			"x":	1.000000,
			"y":	1.000000,
			"z":	1
		}
	},
	"B_L_Clavicle":	{
		"UID":	1618213441,
		"Parent UID":	2147483648,
		"Translation":	{
			"x":	-107374176,
			"y":	-107374176,
			"z":	-107374176
		},
		"Rotation":	{
			"x":	0.675334,
			"y":	-0.020248,
			"z":	0.737014,
			"w":	-0.018014
		},
		"Scale":	{
			"x":	1,
			"y":	1,
			"z":	1.000000
		}
	},
	"B_L_UpperArm":	{
		"UID":	350834484,
		"Parent UID":	2147483648,
		"Translation":	{
			"x":	-107374176,
			"y":	-107374176,
			"z":	-107374176
		},
		"Rotation":	{
			"x":	0.065984,
			"y":	0.440832,
			"z":	-0.022487,
			"w":	0.894879
		},
		"Scale":	{
			"x":	1.000000,
			"y":	1.000000,
			"z":	1.000000
		}
	},
	"B_L_Forearm":	{
		"UID":	4263565508,
		"Parent UID":	2147483648,
		"Translation":	{
			"x":	-107374176,
			"y":	-107374176,
			"z":	-107374176
		},
		"Rotation":	{
			"x":	2.624492e-08,
			"y":	-2.985951e-08,
			"z":	-0.002177,
			"w":	0.999998
		},
		"Scale":	{
			"x":	1.000000,
			"y":	1.000000,
			"z":	1.000000
		}
	},
	"B_L_Hand":	{
		"UID":	4209438611,
		"Parent UID":	2147483648,
		"Translation":	{
			"x":	-107374176,
			"y":	-107374176,
			"z":	-107374176
		},
		"Rotation":	{
			"x":	-0.720275,
			"y":	0.030073,
			"z":	0.023694,
			"w":	0.692631
		},
		"Scale":	{
			"x":	1.000000,
			"y":	1.000000,
			"z":	1.000001
		}
	},
	"B_L_Finger0":	{
		"UID":	2527061166,
		"Parent UID":	2147483648,
		"Translation":	{
			"x":	-107374176,
			"y":	-107374176,
			"z":	-107374176
		},
		"Rotation":	{
			"x":	0.448542,
			"y":	0.133177,
			"z":	0.067791,
			"w":	0.881180
		},
		"Scale":	{
			"x":	1.000000,
			"y":	1.000000,
			"z":	1.000000
		}
	},
	"B_L_Finger01":	{
		"UID":	1780092037,
		"Parent UID":	2147483648,
		"Translation":	{
			"x":	-107374176,
			"y":	-107374176,
			"z":	-107374176
		},
		"Rotation":	{
			"x":	3.902679e-09,
			"y":	-3.329969e-08,
			"z":	0.116402,
			"w":	0.993202
		},
		"Scale":	{
			"x":	1.000000,
			"y":	1.000000,
			"z":	1.000000
		}
	},
	"B_L_Finger02":	{
		"UID":	506381896,
		"Parent UID":	2147483648,
		"Translation":	{
			"x":	-107374176,
			"y":	-107374176,
			"z":	-107374176
		},
		"Rotation":	{
			"x":	-6.891187e-08,
			"y":	-8.076386e-09,
			"z":	0.116402,
			"w":	0.993202
		},
		"Scale":	{
			"x":	1.000000,
			"y":	1.000000,
			"z":	1
		}
	},
	"B_L_Finger1":	{
		"UID":	1722415848,
		"Parent UID":	2147483648,
		"Translation":	{
			"x":	-107374176,
			"y":	-107374176,
			"z":	-107374176
		},
		"Rotation":	{
			"x":	-0.000398,
			"y":	1.186614e-11,
			"z":	-2.980231e-08,
			"w":	1.000000
		},
		"Scale":	{
			"x":	1.000000,
			"y":	1.000000,
			"z":	1.000000
		}
	},
	"B_L_Finger11":	{
		"UID":	826849287,
		"Parent UID":	2147483648,
		"Translation":	{
			"x":	-107374176,
			"y":	-107374176,
			"z":	-107374176
		},
		"Rotation":	{
			"x":	2.442502e-08,
			"y":	5.162283e-08,
			"z":	0.116402,
			"w":	0.993202
		},
		"Scale":	{
			"x":	1.000000,
			"y":	1.000000,
			"z":	1.000000
		}
	},
	"B_L_Finger12":	{
		"UID":	627541938,
		"Parent UID":	2147483648,
		"Translation":	{
			"x":	-107374176,
			"y":	-107374176,
			"z":	-107374176
		},
		"Rotation":	{
			"x":	1.797952e-07,
			"y":	2.107176e-08,
			"z":	0.116402,
			"w":	0.993202
		},
		"Scale":	{
			"x":	1.000000,
			"y":	1.000000,
			"z":	1
		}
	},
	"B_L_Finger2":	{
		"UID":	1689930586,
		"Parent UID":	2147483648,
		"Translation":	{
			"x":	-107374176,
			"y":	-107374176,
			"z":	-107374176
		},
		"Rotation":	{
			"x":	-0.000398,
			"y":	-1.927304e-07,
			"z":	-1.341872e-07,
			"w":	1.000000
		},
		"Scale":	{
			"x":	1,
			"y":	1.000000,
			"z":	1.000000
		}
	},
	"B_L_Finger21":	{
		"UID":	2618188578,
		"Parent UID":	2147483648,
		"Translation":	{
			"x":	-107374176,
			"y":	-107374176,
			"z":	-107374176
		},
		"Rotation":	{
			"x":	6.585969e-08,
			"y":	2.421428e-07,
			"z":	0.116402,
			"w":	0.993202
		},
		"Scale":	{
			"x":	1.000000,
			"y":	1.000000,
			"z":	1.000000
		}
	},
	"B_L_Finger22":	{
		"UID":	2494946697,
		"Parent UID":	2147483648,
		"Translation":	{
			"x":	-107374176,
			"y":	-107374176,
			"z":	-107374176
		},
		"Rotation":	{
			"x":	-4.356116e-08,
			"y":	-2.010847e-08,
			"z":	0.116402,
			"w":	0.993202
		},
		"Scale":	{
			"x":	1.000000,
			"y":	1.000000,
			"z":	1.000000
		}
	},